{"cameraMode":{"drawMode":0,"name":"Shaded","section":"Shading Mode"},"sceneLighting":false,"audioPlay":false,"sceneViewState":{"m_AlwaysRefresh":false,"showFog":true,"showSkybox":false,"showFlares":true,"showImageEffects":true,"showParticleSystems":true,"showVisualEffectGraphs":true,"m_FxEnabled":true},"in2DMode":false,"pivot":{"x":0.029582858085632325,"y":0.07776686549186707,"z":-0.0088939368724823},"rotation":{"x":-0.11130478978157044,"y":-0.6909295916557312,"z":0.10884556174278259,"w":-0.7060158252716065},"size":0.4330126941204071,"orthographic":false}